{"cameraMode":{"drawMode":0,"name":"Shaded","section":"Shading Mode"},"sceneLighting":false,"audioPlay":false,"sceneViewState":{"showFog":true,"showMaterialUpdate":false,"showSkybox":false,"showFlares":true,"showImageEffects":true,"showParticleSystems":true},"in2DMode":false,"pivot":{"x":0.0030908584594726564,"y":3.8469080924987795,"z":0.0},"rotation":{"x":-0.5082916021347046,"y":0.48758047819137576,"z":-0.45451441407203677,"w":-0.5452789068222046},"size":18.093706130981447,"orthographic":false}