{"cameraMode":{"drawMode":0,"name":"Shaded","section":"Shading Mode"},"sceneLighting":false,"audioPlay":false,"sceneViewState":{"showFog":true,"showMaterialUpdate":false,"showSkybox":false,"showFlares":true,"showImageEffects":true,"showParticleSystems":true},"in2DMode":false,"pivot":{"x":-2.3082499504089357,"y":12.75927448272705,"z":11.024226188659668},"rotation":{"x":-0.1793212890625,"y":-0.12593990564346314,"z":0.02315269224345684,"w":-0.9754223227500916},"size":5.199445724487305,"orthographic":false}