{"cameraMode":{"drawMode":0,"name":"Shaded","section":"Shading Mode"},"sceneLighting":false,"audioPlay":false,"sceneViewState":{"showFog":true,"showMaterialUpdate":false,"showSkybox":false,"showFlares":true,"showImageEffects":true,"showParticleSystems":true},"in2DMode":false,"pivot":{"x":-3.43320369720459,"y":-0.12670940160751344,"z":-6.994498252868652},"rotation":{"x":-0.013337861746549607,"y":-0.9858059287071228,"z":0.13722269237041474,"w":-0.09581822901964188},"size":1.649369239807129,"orthographic":false}