{"cameraMode":{"drawMode":0,"name":"Shaded","section":"Shading Mode"},"sceneLighting":false,"audioPlay":false,"sceneViewState":{"showFog":true,"showMaterialUpdate":false,"showSkybox":false,"showFlares":true,"showImageEffects":true,"showParticleSystems":true},"in2DMode":false,"pivot":{"x":-0.3648099899291992,"y":-0.11609005928039551,"z":-3.042379379272461},"rotation":{"x":-0.06188952922821045,"y":-0.8779690265655518,"z":0.11818694323301316,"w":-0.45975446701049807},"size":4.092832088470459,"orthographic":false}