{"cameraMode":{"drawMode":0,"name":"Shaded","section":"Shading Mode"},"sceneLighting":false,"audioPlay":false,"sceneViewState":{"showFog":true,"showMaterialUpdate":false,"showSkybox":false,"showFlares":true,"showImageEffects":true,"showParticleSystems":true},"in2DMode":false,"pivot":{"x":-1.732879877090454,"y":2.030789375305176,"z":-8.443724632263184},"rotation":{"x":-0.06188952922821045,"y":-0.8779690265655518,"z":0.11818694323301316,"w":-0.45975446701049807},"size":2.230630397796631,"orthographic":false}