{"cameraMode":{"drawMode":0,"name":"Shaded","section":"Shading Mode"},"sceneLighting":true,"audioPlay":false,"sceneViewState":{"showFog":true,"showMaterialUpdate":false,"showSkybox":true,"showFlares":true,"showImageEffects":true,"showParticleSystems":true},"in2DMode":false,"pivot":{"x":252.5958251953125,"y":181.3480224609375,"z":-159.97442626953126},"rotation":{"x":-0.06616761535406113,"y":0.05295531079173088,"z":-0.0035164530854672195,"w":-0.9963986873626709},"size":368.572265625,"orthographic":false}