{"cameraMode":{"drawMode":0,"name":"Shaded","section":"Shading Mode"},"sceneLighting":false,"audioPlay":false,"sceneViewState":{"showFog":true,"showMaterialUpdate":false,"showSkybox":false,"showFlares":true,"showImageEffects":true,"showParticleSystems":true},"in2DMode":false,"pivot":{"x":-0.09297569841146469,"y":0.9676034450531006,"z":0.8832919597625732},"rotation":{"x":-0.0005682040937244892,"y":0.9983974099159241,"z":-0.05577808618545532,"w":-0.010183055885136128},"size":0.2803804278373718,"orthographic":false}