{"cameraMode":{"drawMode":0,"name":"Shaded","section":"Shading Mode"},"sceneLighting":true,"audioPlay":false,"sceneViewState":{"showFog":true,"showMaterialUpdate":false,"showSkybox":true,"showFlares":true,"showImageEffects":true,"showParticleSystems":true},"in2DMode":false,"pivot":{"x":3.699617385864258,"y":2.0199999809265138,"z":46.888458251953128},"rotation":{"x":-0.061592549085617068,"y":-0.07568585127592087,"z":0.004683987237513065,"w":-0.9952196478843689},"size":10.0,"orthographic":false}