{"cameraMode":{"drawMode":0,"name":"Shaded","section":"Shading Mode"},"sceneLighting":false,"audioPlay":false,"sceneViewState":{"showFog":true,"showMaterialUpdate":false,"showSkybox":false,"showFlares":true,"showImageEffects":true,"showParticleSystems":true},"in2DMode":false,"pivot":{"x":-0.9143797159194946,"y":1.059178113937378,"z":1.9755487442016602},"rotation":{"x":-0.011778850108385086,"y":0.9794443249702454,"z":-0.1922389417886734,"w":-0.060016315430402759},"size":0.5803804397583008,"orthographic":false}