{"cameraMode":{"drawMode":0,"name":"Shaded","section":"Shading Mode"},"sceneLighting":false,"audioPlay":false,"sceneViewState":{"showFog":true,"showMaterialUpdate":false,"showSkybox":false,"showFlares":true,"showImageEffects":true,"showParticleSystems":true},"in2DMode":false,"pivot":{"x":-12.22429084777832,"y":4.6359405517578129,"z":-5.359752655029297},"rotation":{"x":-0.1541898250579834,"y":-0.005338260438293219,"z":0.0008329484262503684,"w":-0.988027036190033},"size":6.365241527557373,"orthographic":false}