{"cameraMode":{"drawMode":0,"name":"Shaded","section":"Shading Mode"},"sceneLighting":false,"audioPlay":false,"sceneViewState":{"showFog":true,"showMaterialUpdate":false,"showSkybox":false,"showFlares":true,"showImageEffects":true,"showParticleSystems":true},"in2DMode":false,"pivot":{"x":-0.07480856776237488,"y":0.4554956555366516,"z":-3.8625316619873049},"rotation":{"x":-0.0015308328438550234,"y":0.9981303811073303,"z":-0.05426136776804924,"w":-0.028153756633400918},"size":2.667409658432007,"orthographic":false}