{"cameraMode":{"drawMode":0,"name":"Shaded","section":"Shading Mode"},"sceneLighting":false,"audioPlay":false,"sceneViewState":{"showFog":true,"showMaterialUpdate":false,"showSkybox":false,"showFlares":true,"showImageEffects":true,"showParticleSystems":true},"in2DMode":false,"pivot":{"x":3.511364698410034,"y":0.9575119018554688,"z":1.8836174011230469},"rotation":{"x":-0.1793212890625,"y":-0.12593990564346314,"z":0.02315269224345684,"w":-0.9754223227500916},"size":7.019004821777344,"orthographic":false}