{"cameraMode":{"drawMode":0,"name":"Shaded","section":"Shading Mode"},"sceneLighting":false,"audioPlay":false,"sceneViewState":{"showFog":true,"showMaterialUpdate":false,"showSkybox":false,"showFlares":true,"showImageEffects":true,"showParticleSystems":true},"in2DMode":false,"pivot":{"x":0.35389506816864016,"y":2.008852005004883,"z":3.126430034637451},"rotation":{"x":-0.1793212890625,"y":-0.12593990564346314,"z":0.02315269224345684,"w":-0.9754223227500916},"size":6.116750717163086,"orthographic":false}