{"cameraMode":{"drawMode":0,"name":"Shaded","section":"Shading Mode"},"sceneLighting":false,"audioPlay":false,"sceneViewState":{"showFog":true,"showMaterialUpdate":false,"showSkybox":false,"showFlares":true,"showImageEffects":true,"showParticleSystems":true},"in2DMode":false,"pivot":{"x":-0.8960912227630615,"y":0.5246275067329407,"z":-1.2688179016113282},"rotation":{"x":-0.06188952922821045,"y":-0.8779690265655518,"z":0.11818694323301316,"w":-0.45975446701049807},"size":1.3304507732391358,"orthographic":false}