{"cameraMode":{"drawMode":0,"name":"Shaded","section":"Shading Mode"},"sceneLighting":false,"audioPlay":false,"sceneViewState":{"showFog":true,"showMaterialUpdate":false,"showSkybox":false,"showFlares":true,"showImageEffects":true,"showParticleSystems":true},"in2DMode":false,"pivot":{"x":2.2205700874328615,"y":3.6638050079345705,"z":-7.178886413574219},"rotation":{"x":-0.20239846408367158,"y":0.3728502690792084,"z":-0.0836937427520752,"w":-0.9016749262809753},"size":3.985064744949341,"orthographic":false}