{"cameraMode":{"drawMode":0,"name":"Shaded","section":"Shading Mode"},"sceneLighting":true,"audioPlay":false,"sceneViewState":{"showFog":true,"showMaterialUpdate":false,"showSkybox":true,"showFlares":true,"showImageEffects":true,"showParticleSystems":true},"in2DMode":false,"pivot":{"x":11.513671875,"y":15.438064575195313,"z":22.891979217529298},"rotation":{"x":-0.20084738731384278,"y":0.4693019688129425,"z":-0.1105324923992157,"w":-0.8527635931968689},"size":26.23573112487793,"orthographic":false}