{"cameraMode":{"drawMode":0,"name":"Shaded","section":"Shading Mode"},"sceneLighting":false,"audioPlay":false,"sceneViewState":{"showFog":true,"showMaterialUpdate":false,"showSkybox":false,"showFlares":true,"showImageEffects":true,"showParticleSystems":true},"in2DMode":false,"pivot":{"x":1.3359529972076417,"y":0.8963378071784973,"z":3.278343677520752},"rotation":{"x":-0.1793212890625,"y":-0.12593990564346314,"z":0.02315269224345684,"w":-0.9754223227500916},"size":4.882559299468994,"orthographic":false}