{"cameraMode":{"drawMode":0,"name":"Shaded","section":"Shading Mode"},"sceneLighting":true,"audioPlay":false,"sceneViewState":{"showFog":true,"showMaterialUpdate":false,"showSkybox":false,"showFlares":true,"showImageEffects":true,"showParticleSystems":true},"in2DMode":false,"pivot":{"x":3.671351432800293,"y":3.800999641418457,"z":0.010859489440917969},"rotation":{"x":-0.06616761535406113,"y":0.05295531079173088,"z":-0.0035164530854672195,"w":-0.9963986873626709},"size":23.96013069152832,"orthographic":false}