{"cameraMode":{"drawMode":0,"name":"Shaded","section":"Shading Mode"},"sceneLighting":false,"audioPlay":false,"sceneViewState":{"showFog":true,"showMaterialUpdate":false,"showSkybox":false,"showFlares":true,"showImageEffects":true,"showParticleSystems":true},"in2DMode":false,"pivot":{"x":0.18111205101013184,"y":1.1266446113586426,"z":0.2504265308380127},"rotation":{"x":-0.1793212890625,"y":-0.12593990564346314,"z":0.02315269224345684,"w":-0.9754223227500916},"size":4.973676681518555,"orthographic":false}