{"cameraMode":{"drawMode":0,"name":"Shaded","section":"Shading Mode"},"sceneLighting":true,"audioPlay":false,"sceneViewState":{"showFog":true,"showMaterialUpdate":false,"showSkybox":true,"showFlares":true,"showImageEffects":true,"showParticleSystems":true},"in2DMode":false,"pivot":{"x":4.0102925300598148,"y":0.07572507858276367,"z":4.0771989822387699},"rotation":{"x":-0.24957120418548585,"y":0.443619966506958,"z":-0.13011905550956727,"w":-0.8508738279342651},"size":3.5674095153808595,"orthographic":false}