{"cameraMode":{"drawMode":0,"name":"Shaded","section":"Shading Mode"},"sceneLighting":false,"audioPlay":false,"sceneViewState":{"showFog":true,"showMaterialUpdate":false,"showSkybox":false,"showFlares":true,"showImageEffects":true,"showParticleSystems":true},"in2DMode":false,"pivot":{"x":-1.450751781463623,"y":0.3429153561592102,"z":-1.9696905612945557},"rotation":{"x":-0.06188952922821045,"y":-0.8779690265655518,"z":0.11818694323301316,"w":-0.45975446701049807},"size":1.8152838945388795,"orthographic":false}