{"cameraMode":{"drawMode":0,"name":"Shaded","section":"Shading Mode"},"sceneLighting":false,"audioPlay":false,"sceneViewState":{"showFog":true,"showMaterialUpdate":false,"showSkybox":false,"showFlares":true,"showImageEffects":true,"showParticleSystems":true},"in2DMode":false,"pivot":{"x":-0.6713886260986328,"y":-0.45733416080474856,"z":1.7417494058609009},"rotation":{"x":-0.06862558424472809,"y":-0.4087919592857361,"z":0.030844062566757203,"w":-0.9095226526260376},"size":3.390498161315918,"orthographic":false}