{"cameraMode":{"drawMode":0,"name":"Shaded","section":"Shading Mode"},"sceneLighting":false,"audioPlay":false,"sceneViewState":{"showFog":true,"showMaterialUpdate":false,"showSkybox":false,"showFlares":true,"showImageEffects":true,"showParticleSystems":true},"in2DMode":false,"pivot":{"x":-0.045792579650878909,"y":0.6000000238418579,"z":1.035590648651123},"rotation":{"x":-0.30860576033592226,"y":0.062182776629924777,"z":-0.02019805647432804,"w":-0.9490079283714294},"size":5.34228515625,"orthographic":false}