{"cameraMode":{"drawMode":0,"name":"Shaded","section":"Shading Mode"},"sceneLighting":false,"audioPlay":false,"sceneViewState":{"showFog":true,"showMaterialUpdate":false,"showSkybox":false,"showFlares":true,"showImageEffects":true,"showParticleSystems":true},"in2DMode":false,"pivot":{"x":1.875157356262207,"y":-2.6263017654418947,"z":-9.855738639831543},"rotation":{"x":0.333060622215271,"y":-0.6308715343475342,"z":0.3442382216453552,"w":0.6103895902633667},"size":8.967659950256348,"orthographic":false}