{"cameraMode":{"drawMode":0,"name":"Shaded","section":"Shading Mode"},"sceneLighting":false,"audioPlay":false,"sceneViewState":{"showFog":true,"showMaterialUpdate":false,"showSkybox":true,"showFlares":true,"showImageEffects":true,"showParticleSystems":true},"in2DMode":false,"pivot":{"x":-0.05304396152496338,"y":1.183678150177002,"z":0.07549536228179932},"rotation":{"x":0.3085598349571228,"y":-0.12451303750276566,"z":0.04077901691198349,"w":0.9421406388282776},"size":10.0,"orthographic":false}