{"cameraMode":{"drawMode":0,"name":"Shaded","section":"Shading Mode"},"sceneLighting":false,"audioPlay":false,"sceneViewState":{"showFog":true,"showMaterialUpdate":false,"showSkybox":false,"showFlares":true,"showImageEffects":true,"showParticleSystems":true},"in2DMode":false,"pivot":{"x":2.8300018310546877,"y":3.5019798278808595,"z":-7.687158584594727},"rotation":{"x":-0.11585045605897904,"y":0.7396194338798523,"z":-0.13182678818702699,"w":-0.6498353481292725},"size":23.18369483947754,"orthographic":false}