{"cameraMode":{"drawMode":0,"name":"Shaded","section":"Shading Mode"},"sceneLighting":false,"audioPlay":false,"sceneViewState":{"showFog":true,"showMaterialUpdate":false,"showSkybox":false,"showFlares":true,"showImageEffects":true,"showParticleSystems":true},"in2DMode":false,"pivot":{"x":-2.20916485786438,"y":1.1266446113586426,"z":3.7134459018707277},"rotation":{"x":0.36762192845344546,"y":-0.014783655293285847,"z":0.005845056381076574,"w":0.9298413395881653},"size":6.687782287597656,"orthographic":false}