{"cameraMode":{"drawMode":0,"name":"Shaded","section":"Shading Mode"},"sceneLighting":false,"audioPlay":false,"sceneViewState":{"showFog":true,"showMaterialUpdate":false,"showSkybox":false,"showFlares":true,"showImageEffects":true,"showParticleSystems":true},"in2DMode":false,"pivot":{"x":5.596325397491455,"y":7.034897327423096,"z":-4.260004043579102},"rotation":{"x":-0.15826371312141419,"y":0.7167463898658752,"z":-0.17265959084033967,"w":-0.6569156050682068},"size":10.970748901367188,"orthographic":false}