{"cameraMode":{"drawMode":0,"name":"Shaded","section":"Shading Mode"},"sceneLighting":false,"audioPlay":false,"sceneViewState":{"showFog":true,"showMaterialUpdate":false,"showSkybox":false,"showFlares":true,"showImageEffects":true,"showParticleSystems":true},"in2DMode":false,"pivot":{"x":0.0030908584594726564,"y":4.095638275146484,"z":0.35000038146972659},"rotation":{"x":-0.20512597262859345,"y":0.5728335976600647,"z":-0.1507849246263504,"w":-0.7792119383811951},"size":18.15143585205078,"orthographic":false}