{"cameraMode":{"drawMode":0,"name":"Shaded","section":"Shading Mode"},"sceneLighting":false,"audioPlay":false,"sceneViewState":{"showFog":true,"showMaterialUpdate":false,"showSkybox":false,"showFlares":true,"showImageEffects":true,"showParticleSystems":true},"in2DMode":false,"pivot":{"x":-0.045792579650878909,"y":1.1266446113586426,"z":4.26348876953125},"rotation":{"x":-0.30860576033592226,"y":0.062182776629924777,"z":-0.02019805647432804,"w":-0.9490079283714294},"size":7.2106781005859379,"orthographic":false}