{"cameraMode":{"drawMode":0,"name":"Shaded","section":"Shading Mode"},"sceneLighting":false,"audioPlay":false,"sceneViewState":{"showFog":true,"showMaterialUpdate":false,"showSkybox":false,"showFlares":true,"showImageEffects":true,"showParticleSystems":true},"in2DMode":false,"pivot":{"x":-0.02659463882446289,"y":0.6000000238418579,"z":4.304682731628418},"rotation":{"x":0.3085598349571228,"y":-0.12451303750276566,"z":0.04077901691198349,"w":0.9421406388282776},"size":5.158729553222656,"orthographic":false}